{
    "bpp": [
        0.17856914822648212,
        0.17911500992571436,
        0.18079351824594708,
        0.18424904782597612,
        0.18938749292638243,
        0.194516477061481,
        0.1990304122247347,
        0.20280647223315587,
        0.20567690535652927,
        0.2077807874032637,
        0.2092641979092505,
        0.21016838637793936,
        0.21076516616271762,
        0.20975936994683453,
        0.21026002206816907,
        0.2120272459962019,
        0.2153707670911056,
        0.22010442387403512,
        0.22454354948386912,
        0.22827502321906207,
        0.23142472527376035,
        0.23378689705235203,
        0.2354759314074749,
        0.23654913647872647,
        0.23727610434700802,
        0.2377304024085766,
        0.23830890346591066,
        0.23913927358098147,
        0.24189944201853217,
        0.24732455992844046,
        0.2549979201540714,
        0.26240762613895463,
        0.26873438605448097,
        0.2740504354601953,
        0.2780846346442292,
        0.28097069190769663,
        0.28288069785368153,
        0.2841108166953413,
        0.2849025384681981,
        0.2857260691320024,
        0.28659215296913937,
        0.2895660049668172,
        0.29532435590901024,
        0.3034838399872547,
        0.31130380892172094,
        0.31783958760703485,
        0.32330744404618333,
        0.3275522411596484,
        0.33049547617755287,
        0.332487359461261,
        0.33372550312338806,
        0.33454191139558465,
        0.33579031814162325,
        0.33710160106420517,
        0.34145333399859873,
        0.35016099617975516,
        0.36342360479075736,
        0.3776179428507642,
        0.3907166336004327,
        0.40239858045810606,
        0.41183582166346105,
        0.4187532754206076,
        0.4234064370393753,
        0.4264478868827587,
        0.4284637574015594,
        0.4337257546622579,
        0.43466476151129096,
        0.437778758566554,
        0.44386034404359215,
        0.4525270669198618,
        0.46079167178491265,
        0.4677611004288604,
        0.4736206491545933,
        0.4780892715221498,
        0.48115681257189774,
        0.483250040833543,
        0.48458549234925247,
        0.48546984791755676,
        0.4905146593000831
    ],
    "psnr": [
        32.28249112571158,
        32.30315766683439,
        32.375494701106376,
        32.5135441291623,
        32.70540418857482,
        32.886447627369954,
        33.02982176803961,
        33.147738666069216,
        33.23456703744284,
        33.296037348305305,
        33.33697691196349,
        33.360774761292994,
        33.37719642825243,
        33.419197268602325,
        33.43215426003061,
        33.47580090964713,
        33.55713904776224,
        33.6703051125131,
        33.7743600984899,
        33.857073062803686,
        33.92468582711569,
        33.97405522044112,
        34.008310317993164,
        34.030593732508216,
        34.045200301379694,
        34.054710853390574,
        34.069998717889554,
        34.08596155120105,
        34.140009112474395,
        34.244569406276796,
        34.38641199251501,
        34.51712989807129,
        34.62029359398819,
        34.703212086747335,
        34.763364605787324,
        34.8045484031119,
        34.83059427214832,
        34.848134529299855,
        34.8591591439596,
        34.87554443173292,
        34.88675033755419,
        34.92689342033572,
        34.999755208085226,
        35.10087697098895,
        35.19407639852384,
        35.267920331257145,
        35.32655050696396,
        35.3705572267858,
        35.400588058843844,
        35.4204752852277,
        35.432256977732585,
        35.43972978359315,
        35.451874104941766,
        35.46453773684618,
        35.50510094805462,
        35.57986129202494,
        35.68155144482124,
        35.773734953345325,
        35.84477415317443,
        35.90014750783036,
        35.93947787401153,
        35.96379168440656,
        35.98270192960413,
        35.994776144260314,
        36.00227086136981,
        36.01719367794874,
        36.02061406577506,
        36.030652488150245,
        36.04954365986149,
        36.075183961449596,
        36.09814211217368,
        36.11582514134849,
        36.1299963695247,
        36.14072976461271,
        36.14587607034823,
        36.15051511438882,
        36.15409060222347,
        36.15647064767233,
        36.163086914434665
    ],
    "type_of_point": [
        "Derivation",
        "Interpolation",
        "Interpolation",
        "Interpolation",
        "Interpolation",
        "Interpolation",
        "Interpolation",
        "Interpolation",
        "Interpolation",
        "Interpolation",
        "Interpolation",
        "Interpolation",
        "Interpolation",
        "Derivation",
        "Interpolation",
        "Interpolation",
        "Interpolation",
        "Interpolation",
        "Interpolation",
        "Interpolation",
        "Interpolation",
        "Interpolation",
        "Interpolation",
        "Interpolation",
        "Interpolation",
        "Interpolation",
        "Derivation",
        "Interpolation",
        "Interpolation",
        "Interpolation",
        "Interpolation",
        "Interpolation",
        "Interpolation",
        "Interpolation",
        "Interpolation",
        "Interpolation",
        "Interpolation",
        "Interpolation",
        "Interpolation",
        "Anchor",
        "Interpolation",
        "Interpolation",
        "Interpolation",
        "Interpolation",
        "Interpolation",
        "Interpolation",
        "Interpolation",
        "Interpolation",
        "Interpolation",
        "Interpolation",
        "Interpolation",
        "Interpolation",
        "Derivation",
        "Interpolation",
        "Interpolation",
        "Interpolation",
        "Interpolation",
        "Interpolation",
        "Interpolation",
        "Interpolation",
        "Interpolation",
        "Interpolation",
        "Interpolation",
        "Interpolation",
        "Interpolation",
        "Derivation",
        "Interpolation",
        "Interpolation",
        "Interpolation",
        "Interpolation",
        "Interpolation",
        "Interpolation",
        "Interpolation",
        "Interpolation",
        "Interpolation",
        "Interpolation",
        "Interpolation",
        "Interpolation",
        "Derivation"
    ]
}