{
    "bpp": [
        0.17860975609756097,
        0.1798780487804878,
        0.1845609756097561,
        0.19046341463414637,
        0.19585365853658543,
        0.20053658536585364,
        0.2041707317073171,
        0.206780487804878,
        0.20863414634146338,
        0.20973170731707322,
        0.21048780487804875,
        0.21104878048780484,
        0.21136585365853663,
        0.2115365853658537,
        0.20973170731707316,
        0.21107317073170737,
        0.21568292682926826,
        0.221,
        0.22560975609756098,
        0.2294878048780488,
        0.23258536585365858,
        0.2346585365853659,
        0.2360487804878049,
        0.23690243902439032,
        0.23756097560975614,
        0.2378780487804878,
        0.23809756097560972,
        0.23826829268292682,
        0.23831707317073172,
        0.24046341463414633,
        0.24773170731707317,
        0.25668292682926835,
        0.2642926829268293,
        0.27095121951219514,
        0.276,
        0.27958536585365856,
        0.28207317073170723,
        0.2834878048780488,
        0.2846341463414634,
        0.2852439024390244,
        0.28560975609756106,
        0.28582926829268296,
        0.2856585365853659,
        0.2878780487804879,
        0.2957073170731708,
        0.3053170731707317,
        0.3133414634146342,
        0.3200731707317073,
        0.325390243902439,
        0.3291219512195122,
        0.3316097560975608,
        0.3332439024390244,
        0.3341219512195122,
        0.33492682926829265,
        0.33529268292682923,
        0.3355365853658536,
        0.33573170731707325,
        0.33895121951219503,
        0.35092682926829266,
        0.36643902439024395,
        0.381390243902439,
        0.39541463414634154,
        0.4068292682926829,
        0.415390243902439,
        0.4212439024390245,
        0.4251707317073171,
        0.4277073170731708,
        0.42929268292682926,
        0.43036585365853647,
        0.4308048780487805,
        0.43370731707317073,
        0.4360243902439025,
        0.4441951219512194,
        0.45441463414634137,
        0.46285365853658544,
        0.4701219512195122,
        0.47580487804878036,
        0.4796585365853658,
        0.48234146341463413,
        0.48397560975609755,
        0.48517073170731706,
        0.48590243902439023,
        0.48619512195121956,
        0.48653658536585365,
        0.4905609756097562
    ],
    "psnr": [
        32.28241707317073,
        32.334297560975614,
        32.51920243902439,
        32.74603414634147,
        32.92883902439025,
        33.076856097560984,
        33.18954390243902,
        33.267282926829274,
        33.318246341463414,
        33.35066341463414,
        33.37058780487805,
        33.383412195121956,
        33.39158780487804,
        33.39602682926831,
        33.41926585365853,
        33.452351219512195,
        33.56228048780489,
        33.69357317073171,
        33.8002,
        33.88525609756098,
        33.94820975609757,
        33.992451219512205,
        34.01953902439024,
        34.03832195121951,
        34.05066097560976,
        34.05898536585365,
        34.063473170731704,
        34.06544634146342,
        34.069360975609754,
        34.110502439024394,
        34.25145365853658,
        34.41642195121951,
        34.54878780487805,
        34.65445853658536,
        34.732295121951225,
        34.784141463414635,
        34.81897317073171,
        34.841426829268286,
        34.85495365853658,
        34.86456829268293,
        34.86998536585366,
        34.87272195121952,
        34.87566829268293,
        34.90517073170731,
        35.00408536585366,
        35.122209756097554,
        35.216148780487806,
        35.293087804878056,
        35.34749268292683,
        35.38638780487805,
        35.41116585365854,
        35.42767804878049,
        35.43704390243903,
        35.44312926829269,
        35.44660243902439,
        35.448602439024384,
        35.451780487804875,
        35.48180975609756,
        35.58453414634146,
        35.70320975609756,
        35.79610731707317,
        35.86733902439024,
        35.91932439024391,
        35.95265853658537,
        35.97419268292684,
        35.98897560975609,
        35.999251219512196,
        36.00502682926828,
        36.00846585365854,
        36.01019268292683,
        36.01738780487805,
        36.02523902439026,
        36.051051219512196,
        36.07987560975611,
        36.10287804878048,
        36.121770731707315,
        36.13463170731707,
        36.14310731707318,
        36.14860487804878,
        36.15239268292683,
        36.15546829268292,
        36.15730975609757,
        36.158065853658535,
        36.15844146341463,
        36.162651219512185
    ],
    "ms-ssim": [
        14.5713,
        14.622968292682929,
        14.799687804878046,
        15.019243902439019,
        15.192485365853654,
        15.33287073170732,
        15.438631707317077,
        15.511617073170733,
        15.561036585365846,
        15.591926829268296,
        15.610387804878046,
        15.622185365853655,
        15.630202439024393,
        15.634192682926829,
        15.670753658536585,
        15.702670731707313,
        15.805834146341462,
        15.929292682926823,
        16.029887804878044,
        16.10877804878049,
        16.167724390243905,
        16.208334146341464,
        16.235556097560977,
        16.253375609756098,
        16.263648780487802,
        16.271421951219516,
        16.275692682926824,
        16.277709756097565,
        16.28540731707317,
        16.32317317073171,
        16.455246341463415,
        16.6111243902439,
        16.736273170731703,
        16.835068292682926,
        16.908070731707312,
        16.956760975609757,
        16.98867804878049,
        17.008936585365856,
        17.022246341463408,
        17.03071707317073,
        17.035439024390246,
        17.038400000000006,
        17.04008780487805,
        17.06775365853659,
        17.15962195121951,
        17.271253658536587,
        17.35983902439024,
        17.4319243902439,
        17.483597560975614,
        17.519336585365853,
        17.542424390243905,
        17.557324390243906,
        17.567224390243904,
        17.57210731707317,
        17.57688536585366,
        17.578207317073172,
        17.58205121951219,
        17.611041463414626,
        17.70497073170732,
        17.814736585365853,
        17.898053658536586,
        17.959068292682932,
        18.00320975609756,
        18.019078048780486,
        18.035595121951218,
        18.054958536585364,
        18.06923414634146,
        18.076185365853657,
        18.080565853658534,
        18.081675609756097,
        18.095756097560976,
        18.10330243902439,
        18.1230756097561,
        18.14726585365854,
        18.163860975609758,
        18.178507317073173,
        18.18905365853659,
        18.19460975609756,
        18.199641463414636,
        18.202160975609765,
        18.205139024390245,
        18.20719512195122,
        18.20735853658536,
        18.208012195121952,
        18.21429024390244
    ],