{
    "bpp": [
        0.25303231785073876,
        0.25326079363003373,
        0.2542025549337268,
        0.2562801647000015,
        0.25938773062080145,
        0.26290759537369013,
        0.26660667173564434,
        0.27047687117010355,
        0.2742601865902543,
        0.27787993382662535,
        0.28120335610583425,
        0.2841501450166106,
        0.2867865627631545,
        0.2961219814606011,
        0.29637759225443006,
        0.297321320977062,
        0.29928742395713925,
        0.3022799137979746,
        0.30553583847358823,
        0.30886905128136277,
        0.31238161120563745,
        0.3156727026216686,
        0.31867936765775084,
        0.3214364964514971,
        0.323734097648412,
        0.32589858956635,
        0.3340594843029976,
        0.3344785403460264,
        0.3359325393103063,
        0.3387746764346957,
        0.3434958830475807,
        0.3489648876711726,
        0.35412463638931513,
        0.35923381987959146,
        0.3646733486093581,
        0.3697036737576127,
        0.37432151287794113,
        0.3782855523750186,
        0.3818743275478482,
        0.39592142682522535,
        0.3963768118992448,
        0.3979242071509361,
        0.40119572915136814,
        0.4063664646819234,
        0.41208207607269287,
        0.41770026460289955,
        0.42367903236299753,
        0.42950785905122757,
        0.43485232535749674,
        0.43965606577694416,
        0.44386481679975986,
        0.447682810947299,
        0.4641493931412697,
        0.4647813616320491,
        0.46697911992669106,
        0.47164929937571287,
        0.4791527232155204,
        0.48760610446333885,
        0.4962411317974329,
        0.505651998333633,
        0.5154032474383712,
        0.5249680131673813,
        0.5341340005397797,
        0.5423619756475091,
        0.5498490557074547,
        0.5862137991935015,
        0.5866072606295347,
        0.5879853069782257,
        0.5909828245639801,
        0.5955447163432837,
        0.600695788860321,
        0.605809761211276,
        0.6110948491841555,
        0.6162276342511177,
        0.6208825092762709,
        0.6251124106347561,
        0.62874511256814,
        0.6319660879671574,
        0.6493808459490538
    ],
    "psr": [
        30.466852068901062,
        30.475178718566895,
        30.505606651306152,
        30.566842198371887,
        30.6611967086792,
        30.764074683189392,
        30.860668420791626,
        30.96067237854004,
        31.056408762931824,
        31.14233112335205,
        31.2188720703125,
        31.28528642654419,
        31.343052864074707,
        31.602251052856445,
        31.608009576797485,
        31.626773357391357,
        31.66383159160614,
        31.719605684280396,
        31.781205892562866,
        31.841536164283752,
        31.900381565093994,
        31.95678675174713,
        32.007633090019226,
        32.05193054676056,
        32.09096598625183,
        32.1249942779541,
        32.26799762248993,
        32.275795578956604,
        32.29822778701782,
        32.34708034992218,
        32.41866075992584,
        32.492807269096375,
        32.56633722782135,
        32.638760805130005,
        32.70962131023407,
        32.77150285243988,
        32.82659411430359,
        32.873268842697144,
        32.91281187534332,
        33.083253383636475,
        33.088539123535156,
        33.10509788990021,
        33.13886606693268,
        33.190123200416565,
        33.24439287185669,
        33.29796898365021,
        33.35207402706146,
        33.4018337726593,
        33.446571350097656,
        33.48635375499725,
        33.51929712295532,
        33.54911828041077,
        33.67428767681122,
        33.67832136154175,
        33.695178866386414,
        33.73041260242462,
        33.78205478191376,
        33.83731818199158,
        33.89026486873627,
        33.944010853767395,
        33.99329936504364,
        34.03626012802124,
        34.07608425617218,
        34.10758340358734,
        34.13527202606201,
        34.25162053108215,
        34.253345370292664,
        34.257351756095886,
        34.26653170585632,
        34.27902841567993,
        34.29404950141907,
        34.30795478820801,
        34.32093155384064,
        34.334458351135254,
        34.3442987203598,
        34.35477614402771,
        34.36369514465332,
        34.37066197395325,
        34.40202534198761
    ],
    "type_of_point": [
        "Derivation",
        "Interpolation",
        "Interpolation",
        "Interpolation",
        "Interpolation",
        "Interpolation",
        "Interpolation",
        "Interpolation",
        "Interpolation",
        "Interpolation",
        "Interpolation",
        "Interpolation",
        "Interpolation",
        "Derivation",
        "Interpolation",
        "Interpolation",
        "Interpolation",
        "Interpolation",
        "Interpolation",
        "Interpolation",
        "Interpolation",
        "Interpolation",
        "Interpolation",
        "Interpolation",
        "Interpolation",
        "Interpolation",
        "Derivation",
        "Interpolation",
        "Interpolation",
        "Interpolation",
        "Interpolation",
        "Interpolation",
        "Interpolation",
        "Interpolation",
        "Interpolation",
        "Interpolation",
        "Interpolation",
        "Interpolation",
        "Interpolation",
        "Anchor",
        "Interpolation",
        "Interpolation",
        "Interpolation",
        "Interpolation",
        "Interpolation",
        "Interpolation",
        "Interpolation",
        "Interpolation",
        "Interpolation",
        "Interpolation",
        "Interpolation",
        "Interpolation",
        "Derivation",
        "Interpolation",
        "Interpolation",
        "Interpolation",
        "Interpolation",
        "Interpolation",
        "Interpolation",
        "Interpolation",
        "Interpolation",
        "Interpolation",
        "Interpolation",
        "Interpolation",
        "Interpolation",
        "Derivation",
        "Interpolation",
        "Interpolation",
        "Interpolation",
        "Interpolation",
        "Interpolation",
        "Interpolation",
        "Interpolation",
        "Interpolation",
        "Interpolation",
        "Interpolation",
        "Interpolation",
        "Interpolation",
        "Derivation"
    ]
}