{
    "bpp": [
        0.25299999999999995,
        0.25375000000000003,
        0.25637499999999996,
        0.260125,
        0.264,
        0.26799999999999996,
        0.272125,
        0.27599999999999997,
        0.2795,
        0.28268750000000004,
        0.28575000000000006,
        0.288375,
        0.2906875,
        0.2928125,
        0.29618749999999994,
        0.2966875,
        0.2991875,
        0.3030625,
        0.30643750000000003,
        0.31012500000000004,
        0.313875,
        0.317125,
        0.32006249999999997,
        0.3227500000000001,
        0.32487499999999997,
        0.3271875,
        0.328875,
        0.330625,
        0.334,
        0.33506250000000004,
        0.339,
        0.3445625,
        0.3504375,
        0.356125,
        0.3616875,
        0.367,
        0.3719374999999999,
        0.3764375,
        0.3804375,
        0.38399999999999995,
        0.38712500000000005,
        0.38993749999999994,
        0.395875,
        0.39699999999999996,
        0.4013125,
        0.40756250000000005,
        0.41374999999999995,
        0.41993749999999996,
        0.426375,
        0.432125,
        0.43731249999999994,
        0.441875,
        0.4460625,
        0.4498125,
        0.45325000000000004,
        0.4560624999999999,
        0.4641875,
        0.46574999999999994,
        0.47200000000000003,
        0.4808749999999999,
        0.49000000000000005,
        0.4996875,
        0.5098125,
        0.5200624999999999,
        0.5295625,
        0.5385,
        0.5465625000000001,
        0.55425,
        0.5608124999999999,
        0.566625,
        0.5861250000000001,
        0.5871874999999999,
        0.5911875,
        0.596625,
        0.6021249999999999,
        0.60775,
        0.6133125,
        0.6185624999999999,
        0.6231249999999999,
        0.6271249999999999,
        0.63075,
        0.6339374999999999,
        0.6368750000000001,
        0.6393125,
        0.6493125
    ],
    "psnr": [
        30.467374999999997,
        30.4894125,
        30.571693749999994,
        30.682943750000007,
        30.791956250000002,
        30.9001375,
        31.003862499999997,
        31.097099999999998,
        31.18085,
        31.252787500000004,
        31.319687500000004,
        31.377306249999997,
        31.427374999999998,
        31.46985625,
        31.602274999999995,
        31.616131249999995,
        31.6666,
        31.731906249999998,
        31.797612499999996,
        31.863087500000006,
        31.92520625,
        31.981712500000004,
        32.030750000000005,
        32.073243749999996,
        32.10990625,
        32.14329374999999,
        32.1747625,
        32.1994875,
        32.2674875,
        32.285675,
        32.35009374999999,
        32.4336875,
        32.514675000000004,
        32.59449375,
        32.67315625,
        32.73950625,
        32.798793749999994,
        32.8521625,
        32.89745,
        32.93703125,
        32.973175000000005,
        33.0018,
        33.083318750000004,
        33.09530624999999,
        33.1412,
        33.20230625,
        33.26024999999999,
        33.31928125,
        33.373025,
        33.4242125,
        33.46695,
        33.50427499999999,
        33.53660625,
        33.56674375,
        33.59106875,
        33.612500000000004,
        33.67418125,
        33.686093750000005,
        33.73319375,
        33.79393124999999,
        33.85254375000001,
        33.9102,
        33.967325,
        34.01439374999999,
        34.055837499999996,
        34.092181249999996,
        34.12319375,
        34.149275,
        34.174875,
        34.19424375,
        34.25231875,
        34.255768749999994,
        34.2674,
        34.281781249999995,
        34.298225,
        34.313675,
        34.32756875,
        34.3396375,
        34.3500375,
        34.35968750000001,
        34.368281249999995,
        34.3752375,
        34.380275000000005,
        34.385850000000005,
        34.402037500000006
    ],
    "ms-ssim": [
        14.555800000000003,
        14.5775,
        14.655731249999999,
        14.763481250000002,
        14.874675,
        14.982856250000001,
        15.083993750000001,
        15.1729125,
        15.255262499999997,
        15.325418749999999,
        15.388468749999998,
        15.444849999999999,
        15.493206250000002,
        15.535387499999999,
        15.655700000000003,
        15.670087499999998,
        15.71893125,
        15.78631875,
        15.84955,
        15.913587499999998,
        15.972506249999999,
        16.02718125,
        16.07316875,
        16.116874999999997,
        16.151237499999997,
        16.18494375,
        16.2143625,
        16.23816875,
        16.30430625,
        16.31920625,
        16.379762500000002,
        16.457918749999997,
        16.535725000000003,
        16.6115125,
        16.6850625,
        16.749581250000002,
        16.80666875,
        16.85588125,
        16.89955,
        16.93730625,
        16.968981250000002,
        16.996987500000003,
        17.072893750000002,
        17.082875000000005,
        17.12585,
        17.182787500000003,
        17.2385625,
        17.29365,
        17.344875000000002,
        17.39195625,
        17.434175,
        17.4701,
        17.501043749999997,
        17.5287125,
        17.553637500000004,
        17.573293749999998,
        17.63086875,
        17.643218750000003,
        17.683418749999998,
        17.73845,
        17.79204375,
        17.8471875,
        17.900575,
        17.944400000000005,
        17.983049999999995,
        18.01423125,
        18.04184375,
        18.067387500000002,
        18.08916875,
        18.107762499999996,
        18.1654875,
        18.168318749999997,
        18.17748125,
        18.19111875,
        18.205756250000004,
        18.2197,
        18.230906249999997,
        18.24164375,
        18.250900000000005,
        18.25869375,
        18.26648125,
        18.2722,
        18.27664375,
        18.28088125,
        18.2979
    ],