{
    "bpp": [
        0.2413333333333333,
        0.2424166666666666,
        0.24699999999999997,
        0.2529166666666666,
        0.2585833333333334,
        0.26466666666666666,
        0.270125,
        0.2747083333333333,
        0.2784583333333333,
        0.28175,
        0.284125,
        0.28624999999999995,
        0.28775000000000006,
        0.28920833333333335,
        0.2911666666666667,
        0.29220833333333335,
        0.29637500000000006,
        0.3016666666666667,
        0.30695833333333333,
        0.3120416666666667,
        0.31645833333333334,
        0.32012500000000005,
        0.32320833333333326,
        0.32545833333333335,
        0.3275,
        0.3289999999999999,
        0.3302083333333333,
        0.3313749999999999,
        0.3328333333333333,
        0.3345,
        0.34075000000000005,
        0.34941666666666665,
        0.35741666666666666,
        0.365375,
        0.37270833333333325,
        0.37895833333333334,
        0.38425,
        0.3884166666666667,
        0.3919583333333334,
        0.3945833333333333,
        0.3966666666666668,
        0.3982083333333333,
        0.4010000000000001,
        0.4027083333333334,
        0.4092916666666666,
        0.41854166666666676,
        0.4272500000000001,
        0.43558333333333343,
        0.4429166666666667,
        0.44929166666666664,
        0.454625,
        0.45875,
        0.46212500000000006,
        0.4648749999999999,
        0.46716666666666673,
        0.46854166666666663,
        0.4713749999999999,
        0.4738333333333333,
        0.48366666666666663,
        0.49724999999999997,
        0.5107916666666668,
        0.5244166666666666,
        0.5375416666666667,
        0.5484999999999999,
        0.5580833333333332,
        0.565625,
        0.5717500000000001,
        0.57675,
        0.5810833333333333,
        0.584125,
        0.5909583333333333,
        0.5924999999999999,
        0.5977916666666667,
        0.6054166666666667,
        0.6123333333333333,
        0.6190416666666666,
        0.62525,
        0.6303333333333333,
        0.63475,
        0.637875,
        0.6405416666666667,
        0.6430833333333333,
        0.6447083333333335,
        0.6460416666666665,
        0.6509166666666668
    ],
    "psnr": [
        30.705312499999994,
        30.736162499999995,
        30.85774166666666,
        31.017029166666664,
        31.168216666666662,
        31.310237500000003,
        31.438379166666667,
        31.543674999999997,
        31.625500000000006,
        31.692241666666664,
        31.746504166666668,
        31.791370833333342,
        31.824512499999994,
        31.849800000000002,
        31.903891666666667,
        31.924754166666663,
        31.99951666666667,
        32.098820833333335,
        32.19357083333333,
        32.28032916666666,
        32.35746666666667,
        32.4213,
        32.47204583333334,
        32.51060833333333,
        32.54287083333333,
        32.56681666666667,
        32.588091666666664,
        32.60284583333334,
        32.63036666666667,
        32.657374999999995,
        32.75714166666666,
        32.88713333333333,
        32.99981666666666,
        33.11087083333333,
        33.20764166666667,
        33.2838125,
        33.35294166666666,
        33.40137916666667,
        33.44030416666667,
        33.47019166666667,
        33.49346666666668,
        33.5099125,
        33.54322499999999,
        33.56112083333333,
        33.63473750000001,
        33.73006666666667,
        33.8184125,
        33.89942083333334,
        33.9698875,
        34.02859166666667,
        34.0752,
        34.11096249999999,
        34.13892499999999,
        34.16315416666667,
        34.180208333333326,
        34.19125416666667,
        34.21393749999999,
        34.23359166666667,
        34.30727916666667,
        34.40962916666667,
        34.49633333333334,
        34.579133333333324,
        34.651041666666664,
        34.71060000000001,
        34.75825,
        34.79557916666666,
        34.82305416666667,
        34.84490833333332,
        34.85987083333333,
        34.87218333333334,
        34.9017125,
        34.90574583333334,
        34.92610416666666,
        34.9551625,
        34.977425,
        34.999208333333335,
        35.01507499999999,
        35.032987500000004,
        35.042770833333336,
        35.05215833333334,
        35.05940416666666,
        35.06660416666667,
        35.07084583333333,
        35.07289166666667,
        35.085483333333336
    ],
    "ms-ssim": [
        13.653654166666668,
        13.686508333333338,
        13.812704166666668,
        13.97065416666667,
        14.123408333333337,
        14.26183333333333,
        14.382220833333337,
        14.494295833333334,
        14.578674999999997,
        14.6470875,
        14.701224999999999,
        14.740979166666667,
        14.775912499999997,
        14.80027083333333,
        14.852316666666662,
        14.87267916666667,
        14.949779166666668,
        15.047695833333334,
        15.144566666666668,
        15.229820833333335,
        15.303904166666669,
        15.371208333333334,
        15.418608333333333,
        15.458483333333335,
        15.487983333333332,
        15.5139,
        15.533037500000004,
        15.547962499999999,
        15.579587499999997,
        15.605570833333337,
        15.705308333333333,
        15.833770833333332,
        15.945454166666666,
        16.055195833333336,
        16.154141666666664,
        16.233625,
        16.29824166666667,
        16.345916666666664,
        16.3877,
        16.418750000000003,
        16.440479166666666,
        16.45761666666667,
        16.488262499999998,
        16.50616666666667,
        16.581133333333334,
        16.67598333333333,
        16.770133333333334,
        16.847812500000007,
        16.924554166666667,
        16.98125,
        17.02470416666667,
        17.065604166666667,
        17.095433333333332,
        17.119983333333334,
        17.1342125,
        17.145141666666667,
        17.167537499999998,
        17.189304166666666,
        17.2632375,
        17.36382083333333,
        17.448387500000003,
        17.5292,
        17.60170833333333,
        17.656333333333333,
        17.700049999999997,
        17.735566666666667,
        17.763875000000002,
        17.782920833333332,
        17.797879166666668,
        17.8072875,
        17.84048333333334,
        17.846379166666665,
        17.8652,
        17.894741666666665,
        17.9167625,
        17.9385125,
        17.95349583333333,
        17.9711125,
        17.980666666666668,
        17.989499999999996,
        17.99562083333333,
        18.0021875,
        18.00612083333333,
        18.009066666666666,
        18.02655416666666
    ],