{
    "bpp": [
        0.24129700070867935,
        0.2417329049979647,
        0.2432452750702699,
        0.24655148821572462,
        0.25171335072567064,
        0.25722683562586707,
        0.26257795312752324,
        0.26782784642030794,
        0.2726197636996706,
        0.27679964310179156,
        0.28022217471152544,
        0.28297170872489613,
        0.28511969776203233,
        0.29119415519138175,
        0.29165060507754487,
        0.2931004116932551,
        0.29613931166629,
        0.3006706678618987,
        0.30563390627503395,
        0.31026260554790497,
        0.31462318636476994,
        0.31850702439745265,
        0.3216529060155153,
        0.3243934332082669,
        0.3264104773600896,
        0.3282007680584987,
        0.33280982325474423,
        0.33356820916136104,
        0.3358325387040774,
        0.3404489178210497,
        0.3477655791987975,
        0.35537408168117207,
        0.3625746723264456,
        0.36974620011945564,
        0.37625534273684025,
        0.38191587912539643,
        0.3863527017335097,
        0.390103576083978,
        0.39306534950931865,
        0.4010088412712018,
        0.4017217302074035,
        0.404128972440958,
        0.4091007647415002,
        0.41675296674172085,
        0.4249757931878169,
        0.432637482881546,
        0.4399777799844742,
        0.44655807750920457,
        0.4521789780507485,
        0.45678352005779743,
        0.460478142524759,
        0.4633044625322024,
        0.47138993193705875,
        0.4724373184144497,
        0.4759203251451254,
        0.4831649822493394,
        0.49460190410415333,
        0.5072260138889154,
        0.5195692870765924,
        0.5322698590656122,
        0.5437270912031332,
        0.5536942705512047,
        0.562001021578908,
        0.5685407842199007,
        0.5740214623510838,
        0.5909316502511501,
        0.5915205851197243,
        0.5936217755079269,
        0.5976673327386379,
        0.6039708616832892,
        0.610613780717055,
        0.6167420546213785,
        0.6227246125539144,
        0.6280443755288919,
        0.6327417020996412,
        0.6364099333683649,
        0.6392852800587813,
        0.6416979171335697,
        0.6509443062047163
    ],
    "psr": [
        30.705345153808594,
        30.718008756637573,
        30.76327641805013,
        30.85352698961894,
        30.986200014750164,
        31.12896243731181,
        31.26294994354248,
        31.387303749720257,
        31.49744685490926,
        31.590095281600952,
        31.66120147705078,
        31.719048500061035,
        31.765158732732136,
        31.903964122136433,
        31.9122789700826,
        31.940388361612957,
        31.99582640329997,
        32.08303419748942,
        32.17034260431925,
        32.253960847854614,
        32.327207247416176,
        32.394322792689,
        32.44848815600077,
        32.492981592814125,
        32.52483034133911,
        32.554707765579224,
        32.631148974100746,
        32.64206099510193,
        32.677111864089966,
        32.75210158030192,
        32.86130587259928,
        32.97303827603658,
        33.074598709742226,
        33.172054052352905,
        33.25381112098694,
        33.321762800216675,
        33.37774205207825,
        33.41874774297079,
        33.453128735224404,
        33.54304416974386,
        33.550344387690224,
        33.576586961746216,
        33.632089138031006,
        33.71432717641195,
        33.79546038309733,
        33.87093035380045,
        33.94158673286438,
        34.00307273864746,
        34.05431858698527,
        34.09318057696024,
        34.12411832809448,
        34.14900962511698,
        34.21352211634318,
        34.22139461835226,
        34.24796382586161,
        34.303257624308266,
        34.38952612876892,
        34.47590144475301,
        34.54854170481364,
        34.621914545694985,
        34.68520951271057,
        34.736473083496094,
        34.778409242630005,
        34.810063123703,
        34.83083979288737,
        34.90102005004883,
        34.903231938680015,
        34.91028610865275,
        34.92626158396403,
        34.94863430658976,
        34.9706666469574,
        34.99007328351339,
        35.00991161664327,
        35.02322896321615,
        35.03751675287882,
        35.04651133219401,
        35.056072473526,
        35.063289642333984,
        35.08578793207804
    ],
    "type_of_point": [
        "Derivation",
        "Interpolation",
        "Interpolation",
        "Interpolation",
        "Interpolation",
        "Interpolation",
        "Interpolation",
        "Interpolation",
        "Interpolation",
        "Interpolation",
        "Interpolation",
        "Interpolation",
        "Interpolation",
        "Derivation",
        "Interpolation",
        "Interpolation",
        "Interpolation",
        "Interpolation",
        "Interpolation",
        "Interpolation",
        "Interpolation",
        "Interpolation",
        "Interpolation",
        "Interpolation",
        "Interpolation",
        "Interpolation",
        "Derivation",
        "Interpolation",
        "Interpolation",
        "Interpolation",
        "Interpolation",
        "Interpolation",
        "Interpolation",
        "Interpolation",
        "Interpolation",
        "Interpolation",
        "Interpolation",
        "Interpolation",
        "Interpolation",
        "Anchor",
        "Interpolation",
        "Interpolation",
        "Interpolation",
        "Interpolation",
        "Interpolation",
        "Interpolation",
        "Interpolation",
        "Interpolation",
        "Interpolation",
        "Interpolation",
        "Interpolation",
        "Interpolation",
        "Derivation",
        "Interpolation",
        "Interpolation",
        "Interpolation",
        "Interpolation",
        "Interpolation",
        "Interpolation",
        "Interpolation",
        "Interpolation",
        "Interpolation",
        "Interpolation",
        "Interpolation",
        "Interpolation",
        "Derivation",
        "Interpolation",
        "Interpolation",
        "Interpolation",
        "Interpolation",
        "Interpolation",
        "Interpolation",
        "Interpolation",
        "Interpolation",
        "Interpolation",
        "Interpolation",
        "Interpolation",
        "Interpolation",
        "Derivation"
    ]
}