{
    "bpp": [
        0.1902492297068238,
        0.19133903548121453,
        0.19490381520241498,
        0.20113847497850657,
        0.20833810333162547,
        0.21327090613543986,
        0.21599298410117626,
        0.21732716970145702,
        0.21788340251892804,
        0.21809256728738546,
        0.21817610520869493,
        0.2182014147564769,
        0.21820694051682948,
        0.21325339201837779,
        0.21436670053750276,
        0.2179670660570264,
        0.2241462852060795,
        0.23092273041605949,
        0.23536342419683934,
        0.23766480572521687,
        0.23882651895284654,
        0.23929009988904,
        0.2394676474481821,
        0.23953937757760285,
        0.23955001704394818,
        0.2395566428080201,
        0.23776498660445214,
        0.23955736424773932,
        0.24532273329794407,
        0.25556259717792273,
        0.26712698105722665,
        0.2750654609128833,
        0.2791534549370408,
        0.2812258754298091,
        0.28211671870201827,
        0.28244943100959063,
        0.2825657116994262,
        0.2825981668010354,
        0.28259960025548936,
        0.2813931018486619,
        0.28345937442034486,
        0.28989659283310176,
        0.3011537058651447,
        0.31390619903802874,
        0.32244322188198565,
        0.32691796325147154,
        0.32914468869566915,
        0.33008455105125906,
        0.3304180843383074,
        0.3305316610634327,
        0.3305674188584089,
        0.33057590387761593,
        0.33031774405390024,
        0.3334165053442121,
        0.3434602141752839,
        0.36247137308120725,
        0.3871062282472849,
        0.40660607255995274,
        0.41749496512115003,
        0.4229914404451847,
        0.42530193001031874,
        0.42616304762661456,
        0.42644900105893613,
        0.4265424057841301,
        0.42655784003436564,
        0.4282085973024368,
        0.43043848909437654,
        0.4374954964220524,
        0.4493796420097351,
        0.46242836385965347,
        0.47114584282040595,
        0.475675907433033,
        0.4779598857462406,
        0.47889468774199484,
        0.47922489687800407,
        0.47935565263032914,
        0.47939666360616684,
        0.47939307570457457,
        0.48180432364344594
    ],
    "psr": [
        32.36279333114624,
        32.416244983673096,
        32.582494583129886,
        32.85674917221069,
        33.14496013641357,
        33.32724227905273,
        33.419191913604735,
        33.46416580200195,
        33.482992801666256,
        33.49096973419189,
        33.493734245300296,
        33.494568061828616,
        33.494670372009274,
        33.52897916793823,
        33.5612864112854,
        33.66203025817871,
        33.827190437316894,
        34.0001215171814,
        34.10763061523438,
        34.16098707199097,
        34.187556972503664,
        34.1978157043457,
        34.20221099853516,
        34.20383388519287,
        34.20402395248413,
        34.20427936553955,
        34.20405158996582,
        34.24240072250366,
        34.36547033309937,
        34.56712320327759,
        34.77343120574951,
        34.90068796157837,
        34.96325448989868,
        34.993182525634765,
        35.006153163909914,
        35.01176687240601,
        35.013302688598635,
        35.01380931854248,
        35.013888149261476,
        35.016367244720456,
        35.04522285461426,
        35.13271682739258,
        35.27694129943848,
        35.42425519943237,
        35.51733480453491,
        35.56343784332275,
        35.58529932022095,
        35.59461759567261,
        35.597641448974606,
        35.59890573501587,
        35.59933582305908,
        35.599583797454834,
        35.59898826599121,
        35.6265731048584,
        35.71576948165894,
        35.857749423980714,
        36.00119546890259,
        36.0886891746521,
        36.12905401229858,
        36.14997278213501,
        36.15952783584595,
        36.16180135726929,
        36.16252248764038,
        36.16292598724365,
        36.162924671173094,
        36.16744140625,
        36.17528591156006,
        36.19721719741821,
        36.23280611038208,
        36.27003479003906,
        36.292353076934816,
        36.30294868469238,
        36.308057899475095,
        36.31061702728272,
        36.310794525146484,
        36.311178836822506,
        36.31122241973877,
        36.311136398315426,
        36.3156343460083
    ],
    "type_of_point": [
        "Derivation",
        "Interpolation",
        "Interpolation",
        "Interpolation",
        "Interpolation",
        "Interpolation",
        "Interpolation",
        "Interpolation",
        "Interpolation",
        "Interpolation",
        "Interpolation",
        "Interpolation",
        "Interpolation",
        "Derivation",
        "Interpolation",
        "Interpolation",
        "Interpolation",
        "Interpolation",
        "Interpolation",
        "Interpolation",
        "Interpolation",
        "Interpolation",
        "Interpolation",
        "Interpolation",
        "Interpolation",
        "Interpolation",
        "Derivation",
        "Interpolation",
        "Interpolation",
        "Interpolation",
        "Interpolation",
        "Interpolation",
        "Interpolation",
        "Interpolation",
        "Interpolation",
        "Interpolation",
        "Interpolation",
        "Interpolation",
        "Interpolation",
        "Anchor",
        "Interpolation",
        "Interpolation",
        "Interpolation",
        "Interpolation",
        "Interpolation",
        "Interpolation",
        "Interpolation",
        "Interpolation",
        "Interpolation",
        "Interpolation",
        "Interpolation",
        "Interpolation",
        "Derivation",
        "Interpolation",
        "Interpolation",
        "Interpolation",
        "Interpolation",
        "Interpolation",
        "Interpolation",
        "Interpolation",
        "Interpolation",
        "Interpolation",
        "Interpolation",
        "Interpolation",
        "Interpolation",
        "Derivation",
        "Interpolation",
        "Interpolation",
        "Interpolation",
        "Interpolation",
        "Interpolation",
        "Interpolation",
        "Interpolation",
        "Interpolation",
        "Interpolation",
        "Interpolation",
        "Interpolation",
        "Interpolation",
        "Derivation"
    ]
}