{
    "bpp": [
        0.19028999999999996,
        0.19271999999999997,
        0.20108,
        0.20937000000000006,
        0.2141299999999999,
        0.21658000000000005,
        0.21763000000000002,
        0.21798999999999996,
        0.21814,
        0.21817,
        0.21822000000000003,
        0.21821000000000002,
        0.21822000000000003,
        0.2182,
        0.2132700000000001,
        0.21583999999999995,
        0.22402,
        0.23189000000000007,
        0.2360599999999999,
        0.23814999999999986,
        0.23906000000000002,
        0.23937000000000008,
        0.23948,
        0.23954999999999996,
        0.23956,
        0.23958,
        0.23956999999999998,
        0.23957,
        0.23777000000000004,
        0.24192,
        0.2554500000000001,
        0.26881000000000005,
        0.2762799999999999,
        0.2800199999999998,
        0.28169000000000005,
        0.28225000000000006,
        0.2825,
        0.28257,
        0.2826000000000001,
        0.28259000000000006,
        0.2826,
        0.2826,
        0.2814400000000001,
        0.28612000000000004,
        0.30116000000000004,
        0.31587999999999994,
        0.32381,
        0.32785000000000003,
        0.32964999999999994,
        0.33027,
        0.3305100000000001,
        0.3305900000000001,
        0.33058000000000015,
        0.33058000000000015,
        0.33058000000000015,
        0.3305700000000001,
        0.3302900000000001,
        0.33748000000000006,
        0.3630499999999999,
        0.3918099999999998,
        0.41021,
        0.4199899999999998,
        0.42419000000000034,
        0.4258299999999998,
        0.4263199999999999,
        0.42650999999999983,
        0.42655999999999983,
        0.42656999999999984,
        0.42655999999999983,
        0.42655999999999983,
        0.4282600000000003,
        0.43333999999999995,
        0.44949999999999996,
        0.4645600000000002,
        0.47257,
        0.4767200000000002,
        0.47850000000000004,
        0.47903999999999997,
        0.47931999999999997,
        0.4794099999999999,
        0.47938999999999987,
        0.4793699999999999,
        0.4794099999999999,
        0.4793999999999999,
        0.4817300000000001
    ],
    "psnr": [
        32.362797,
        32.48872,
        32.86378799999999,
        33.19358999999999,
        33.358913000000015,
        33.440111,
        33.474337000000006,
        33.48788699999998,
        33.49300300000001,
        33.494174,
        33.494597000000006,
        33.494753999999986,
        33.494774000000014,
        33.49467500000002,
        33.528974,
        33.605482999999985,
        33.831616999999994,
        34.028231999999996,
        34.12556000000001,
        34.173241999999995,
        34.193125,
        34.200677,
        34.203399,
        34.203779,
        34.204305999999995,
        34.20439799999999,
        34.204512,
        34.20424100000001,
        34.204052000000004,
        34.29714499999998,
        34.573305999999995,
        34.80715700000002,
        34.92290600000001,
        34.97758799999999,
        35.00103399999998,
        35.009197,
        35.012591,
        35.013839000000004,
        35.01392099999999,
        35.013877,
        35.01402200000001,
        35.01403000000003,
        35.016373000000016,
        35.083785000000006,
        35.28188700000001,
        35.449951,
        35.53400399999999,
        35.57339900000001,
        35.59048700000001,
        35.596249000000014,
        35.598489,
        35.59904300000001,
        35.599309999999996,
        35.599408000000004,
        35.599446999999984,
        35.599490999999986,
        35.59898700000001,
        35.66730899999999,
        35.862232,
        36.02625399999999,
        36.101879999999994,
        36.140172000000014,
        36.155026,
        36.16085700000001,
        36.162487000000006,
        36.16279900000001,
        36.16294300000001,
        36.16293400000001,
        36.16285700000001,
        36.162833,
        36.16744,
        36.18504,
        36.234519000000006,
        36.27573700000001,
        36.29565900000002,
        36.305645000000005,
        36.30876899999999,
        36.31071699999998,
        36.31095399999997,
        36.31109999999999,
        36.31113500000001,
        36.31128600000002,
        36.311325000000004,
        36.31125200000001,
        36.31563800000001
    ],
    "ms-ssim": [
        15.137792,
        15.248811999999997,
        15.579777000000002,
        15.867446000000006,
        16.011526000000007,
        16.082915,
        16.113232000000004,
        16.123752000000007,
        16.12787000000001,
        16.128948,
        16.129246000000002,
        16.129382000000007,
        16.129524999999997,
        16.129409999999996,
        16.140281,
        16.204374999999988,
        16.392701000000002,
        16.556495000000016,
        16.637878,
        16.677633,
        16.69461,
        16.700362999999996,
        16.702669000000004,
        16.70324500000001,
        16.703463000000003,
        16.703677999999996,
        16.703848000000004,
        16.703587000000006,
        16.705372000000008,
        16.784451000000008,
        17.014213999999992,
        17.207475000000006,
        17.304730000000003,
        17.348970000000005,
        17.367963000000003,
        17.375527999999996,
        17.37762499999999,
        17.378474,
        17.378511999999997,
        17.378543000000008,
        17.37857399999999,
        17.378656999999993,
        17.375494000000003,
        17.430727,
        17.592183000000013,
        17.728483,
        17.797012999999996,
        17.82964,
        17.844153,
        17.849254,
        17.851119999999998,
        17.851645000000005,
        17.851801000000005,
        17.851947999999993,
        17.852081999999992,
        17.851996999999997,
        17.851681999999993,
        17.907211999999998,
        18.064715000000007,
        18.190936,
        18.235111000000007,
        18.271242,
        18.28892199999999,
        18.294885000000004,
        18.296656000000002,
        18.29693399999999,
        18.297223000000002,
        18.297183000000004,
        18.297042000000005,
        18.297024,
        18.303661999999996,
        18.319318,
        18.353005999999997,
        18.38250700000001,
        18.397427,
        18.404777000000003,
        18.407401000000007,
        18.408693,
        18.408948,
        18.409125999999993,
        18.409079,
        18.409226,
        18.409225999999993,
        18.40919700000001,
        18.416093
    ],